{
    "accuracy": 0.985,
    "precision": 1.0,
    "recall": 0.8636363636363636,
    "f1_score": 0.926829268292683,
    "confusion_matrix": [
        [
            178,
            0
        ],
        [
            3,
            19
        ]
    ],
    "train_rows": 800,
    "test_rows": 200,
    "fraud_ratio": 0.11
}